order_id,item_count,total_quantity,order_amount
1,4,14,1436000
2,1,4,756000
3,3,13,1435000
4,2,7,498000
5,2,6,941000
6,4,15,1309000
7,1,3,33000
8,2,7,815000
9,2,3,236000
10,3,15,1920000
11,1,3,222000
12,2,6,444000
13,2,9,963000
14,1,3,564000
15,2,9,1677000
16,2,6,1010000
17,2,9,1059000
18,3,11,794000
19,2,3,260000
20,4,15,1678000
21,3,11,1767000
22,4,9,854000
23,4,8,919000
24,2,5,881000
25,2,9,1025000
26,1,1,115000
27,3,11,1375000
28,1,3,306000
29,2,3,361000
30,4,15,906000
31,1,5,825000
32,2,6,914000
33,1,3,504000
34,2,5,776000
35,3,15,2135000
36,1,4,92000
37,1,4,300000
38,3,4,303000
39,1,5,1000000
40,3,8,738000
41,4,11,1059000
42,1,2,346000
43,1,1,82000
44,3,13,1575000
45,1,2,308000
46,3,5,348000
47,3,11,685000
48,2,9,923000
49,3,10,1056000
50,3,7,595000
51,3,13,1877000
52,3,8,1241000
53,3,10,350000
54,2,6,412000
55,1,1,84000
56,2,7,350000
57,1,2,136000
58,4,9,1092000
59,4,11,1536000
60,4,13,804000
61,3,6,603000
62,4,11,1250000
63,3,9,431000
64,2,4,380000
65,4,14,1605000
66,1,3,579000
67,4,13,1949000
68,2,5,951000
69,3,12,1187000
70,4,11,905000
71,3,8,621000
72,3,10,1157000
73,1,2,72000
74,2,10,1005000
75,3,7,209000
76,3,12,1671000
77,1,5,735000
78,3,9,610000
79,3,6,283000
80,4,12,1792000
81,3,10,529000
82,1,2,326000
83,4,9,1171000
84,4,14,1423000
85,2,7,755000
86,4,12,1432000
87,2,6,80000
88,1,4,772000
89,4,11,1437000
90,4,10,1219000
91,3,13,414000
92,3,11,1508000
93,3,12,1317000
94,4,10,618000
95,4,14,944000
96,4,15,1690000
97,3,5,276000
98,4,13,1098000
99,2,5,269000
100,2,9,1108000
101,2,7,1016000
102,1,1,162000
103,4,15,2118000
104,4,8,951000
105,4,16,1931000
106,3,9,1071000
107,3,9,1401000
108,2,8,1064000
109,3,9,1485000
110,4,7,1099000
111,3,9,1001000
112,3,9,1516000
113,2,6,602000
114,2,3,292000
115,4,15,2064000
116,4,9,936000
117,1,5,390000
118,2,5,565000
119,2,6,1038000
120,3,7,639000
121,3,13,1452000
122,2,6,262000
123,1,2,394000
124,4,13,1261000
125,2,9,810000
126,4,10,1295000
127,4,10,1173000
128,3,13,932000
129,3,6,734000
130,2,8,937000
131,1,3,225000
132,3,6,858000
133,4,19,1298000
134,2,7,235000
135,1,4,560000
136,3,11,1116000
137,2,7,885000
138,3,11,1119000
139,4,12,1292000
140,4,9,1034000
141,4,8,413000
142,3,6,1014000
143,1,4,772000
144,2,6,1200000
145,3,13,1863000
146,2,5,396000
147,4,9,996000
148,4,12,1194000
149,2,5,833000
150,1,2,306000
151,1,5,820000
152,1,5,985000
153,1,1,172000
154,4,10,1457000
155,3,13,1603000
156,2,7,524000
157,2,4,690000
158,2,8,1416000
159,1,4,248000
160,3,10,860000
161,2,7,870000
162,2,3,267000
163,4,11,1089000
164,3,9,1490000
165,2,8,1231000
166,1,2,110000
167,2,5,957000
168,1,2,10000
169,1,4,448000
170,2,7,338000
171,4,15,1964000
172,3,8,623000
173,4,15,1142000
174,2,5,496000
175,4,11,1280000
176,4,13,1399000
177,3,9,915000
178,1,1,140000
179,1,1,86000
180,1,2,376000
181,2,4,454000
182,4,11,1641000
183,4,12,1685000
184,4,13,1892000
185,3,8,544000
186,4,6,471000
187,1,4,608000
188,4,11,1381000
189,4,7,556000
190,4,10,1288000
191,2,6,888000
192,2,7,781000
193,2,6,684000
194,3,6,257000
195,1,4,656000
196,2,8,505000
197,4,13,1649000
198,4,16,1170000
199,3,8,837000
200,2,7,569000
201,1,1,175000
202,3,8,921000
203,1,4,784000
204,4,13,1800000
205,1,5,355000
206,3,6,738000
207,2,9,1173000
208,2,6,558000
209,4,13,1368000
210,1,3,33000
211,2,9,711000
212,2,4,359000
213,1,3,333000
214,4,16,2293000
215,3,9,1093000
216,3,10,1094000
217,3,13,923000
218,2,9,495000
219,2,4,646000
220,4,12,1034000
221,4,16,2821000
222,4,9,672000
223,3,14,681000
224,3,4,312000
225,2,7,1035000
226,2,2,245000
227,3,6,361000
228,3,10,804000
229,1,4,724000
230,3,7,1040000
231,1,2,50000
232,2,4,568000
233,3,8,1286000
234,2,5,411000
235,2,9,1413000
236,1,2,118000
237,2,2,271000
238,2,7,361000
239,1,4,472000
240,3,9,1082000
241,3,9,571000
242,1,2,50000
243,3,6,924000
244,2,9,671000
245,2,6,794000
246,4,12,1328000
247,2,8,1573000
248,1,1,55000
249,4,15,1229000
250,4,13,1197000
251,3,10,1334000
252,4,17,1549000
253,3,7,634000
254,4,7,1078000
255,4,15,1491000
256,4,11,1265000
257,3,11,868000
258,3,8,910000
259,1,2,252000
260,2,5,677000
261,2,6,286000
262,3,9,1359000
263,4,15,694000
264,1,1,102000
265,4,12,1626000
266,4,16,1981000
267,4,7,994000
268,2,8,1364000
269,2,5,440000
270,2,4,360000
271,3,9,1085000
272,3,4,344000
273,1,4,20000
274,1,5,420000
275,2,5,526000
276,3,7,713000
277,2,2,147000
278,1,3,489000
279,3,8,688000
280,1,5,700000
281,1,2,336000
282,4,13,1566000
283,2,2,284000
284,4,10,1114000
285,2,10,1160000
286,3,9,1049000
287,2,5,621000
288,2,6,660000
289,4,15,1078000
290,4,15,637000
291,1,5,760000
292,1,3,102000
293,2,6,560000
294,3,13,2053000
295,1,5,375000
296,2,2,300000
297,2,9,512000
298,1,4,696000
299,2,6,1078000
300,1,5,160000
