column,selected,role,reason
order_month,True,allowed_feature,교육용 예측 시점에 사용 가능하다고 가정
order_dayofweek,True,allowed_feature,교육용 예측 시점에 사용 가능하다고 가정
age,True,allowed_feature,교육용 예측 시점에 사용 가능하다고 가정
payment_method,True,allowed_feature,교육용 예측 시점에 사용 가능하다고 가정
gender,True,allowed_feature,교육용 예측 시점에 사용 가능하다고 가정
city,True,allowed_feature,교육용 예측 시점에 사용 가능하다고 가정
avg_unit_price,False,forbidden,주문 상세에서 만든 목표 대리 변수
customer_id,False,forbidden,고객 식별자
item_count,False,forbidden,주문 상세가 확인된 뒤 계산되는 사후 집계
line_total,False,forbidden,목표값을 구성하는 주문 상세 금액
order_id,False,forbidden,주문 식별자
order_status,False,forbidden,예측 시점 이후에 확정될 수 있는 사후 정보
order_total,False,forbidden,예측 대상 자체
product_id,False,forbidden,주문 상세가 확인되어야 알 수 있는 식별자
quantity,False,forbidden,목표값 계산 재료
total_quantity,False,forbidden,주문 상세에서 만든 목표 대리 변수
unit_price,False,forbidden,목표값 계산 재료
