order_id,customer_id,order_date,payment_method,order_status,order_month,order_dayofweek,order_total,gender,age,city
238,124,2025-07-09,bank_transfer,completed,7,2,361000,M,67,대구
79,62,2025-07-11,bank_transfer,refunded,7,4,283000,F,63,광주
12,98,2025-07-12,kakao_pay,completed,7,5,444000,F,61,인천
169,9,2025-07-12,kakao_pay,completed,7,5,448000,M,69,서울
152,62,2025-07-13,naver_pay,refunded,7,6,985000,F,63,광주
97,11,2025-07-14,bank_transfer,cancelled,7,0,276000,M,35,대구
61,4,2025-07-19,bank_transfer,completed,7,5,603000,F,55,울산
245,37,2025-07-20,naver_pay,completed,7,6,794000,M,65,고양
2,77,2025-07-23,naver_pay,cancelled,7,2,756000,M,64,서울
157,114,2025-07-25,kakao_pay,refunded,7,4,690000,F,60,성남
177,102,2025-07-27,kakao_pay,completed,7,6,915000,M,60,고양
191,40,2025-07-28,naver_pay,completed,7,0,888000,M,23,서울
158,77,2025-07-29,naver_pay,completed,7,1,1416000,M,64,서울
221,71,2025-07-31,kakao_pay,cancelled,7,3,2821000,F,35,수원
277,44,2025-07-31,card,refunded,7,3,147000,M,51,광주
184,57,2025-08-02,card,cancelled,8,5,1892000,F,23,수원
8,137,2025-08-03,card,cancelled,8,6,815000,M,68,울산
253,114,2025-08-04,naver_pay,cancelled,8,0,634000,F,60,성남
276,87,2025-08-04,bank_transfer,completed,8,0,713000,M,31,울산
187,78,2025-08-05,naver_pay,completed,8,1,608000,F,21,울산
236,80,2025-08-06,kakao_pay,completed,8,2,118000,F,30,인천
231,24,2025-08-08,naver_pay,completed,8,4,50000,F,41,대전
299,135,2025-08-08,bank_transfer,completed,8,4,1078000,F,28,대구
49,104,2025-08-10,bank_transfer,completed,8,6,1056000,M,33,광주
82,121,2025-08-10,kakao_pay,completed,8,6,326000,M,34,서울
197,102,2025-08-10,kakao_pay,completed,8,6,1649000,M,60,고양
98,133,2025-08-13,naver_pay,completed,8,2,1098000,M,67,성남
224,30,2025-08-15,bank_transfer,cancelled,8,4,312000,F,32,서울
144,26,2025-08-16,card,cancelled,8,5,1200000,F,56,대구
167,65,2025-08-16,bank_transfer,completed,8,5,957000,F,33,인천
17,58,2025-08-17,card,completed,8,6,1059000,F,66,성남
182,60,2025-08-21,naver_pay,completed,8,3,1641000,F,34,성남
267,5,2025-08-21,naver_pay,completed,8,3,994000,F,19,부산
123,71,2025-08-23,naver_pay,completed,8,5,394000,F,35,수원
127,115,2025-08-23,naver_pay,completed,8,5,1173000,M,60,부산
199,55,2025-08-23,card,completed,8,5,837000,M,69,광주
288,15,2025-08-25,kakao_pay,refunded,8,0,660000,M,69,서울
155,3,2025-08-26,naver_pay,completed,8,1,1603000,F,61,성남
162,92,2025-08-26,kakao_pay,completed,8,1,267000,M,31,서울
275,21,2025-09-01,naver_pay,completed,9,0,526000,M,23,인천
193,9,2025-09-03,kakao_pay,completed,9,2,684000,M,69,서울
271,84,2025-09-03,bank_transfer,refunded,9,2,1085000,F,21,성남
192,126,2025-09-04,naver_pay,completed,9,3,781000,M,53,서울
25,148,2025-09-05,naver_pay,cancelled,9,4,1025000,M,29,고양
232,96,2025-09-06,bank_transfer,refunded,9,5,568000,F,21,성남
237,148,2025-09-06,bank_transfer,completed,9,5,271000,M,29,고양
278,30,2025-09-10,bank_transfer,completed,9,2,489000,F,32,서울
234,106,2025-09-13,kakao_pay,cancelled,9,5,411000,M,38,부산
27,63,2025-09-14,card,completed,9,6,1375000,M,60,대전
150,47,2025-09-15,bank_transfer,completed,9,0,306000,F,36,울산
65,73,2025-09-16,naver_pay,cancelled,9,1,1605000,M,33,수원
132,122,2025-09-17,naver_pay,cancelled,9,2,858000,F,58,울산
176,20,2025-09-17,bank_transfer,completed,9,2,1399000,F,20,인천
81,105,2025-09-20,naver_pay,refunded,9,5,529000,M,26,광주
125,73,2025-09-20,kakao_pay,refunded,9,5,810000,M,33,수원
133,39,2025-09-20,naver_pay,completed,9,5,1298000,M,32,대구
146,12,2025-09-21,kakao_pay,completed,9,6,396000,F,66,대전
265,144,2025-09-22,kakao_pay,completed,9,0,1626000,M,22,광주
226,87,2025-09-26,naver_pay,cancelled,9,4,245000,M,31,울산
228,110,2025-09-27,kakao_pay,completed,9,5,804000,F,40,부산
67,14,2025-09-28,kakao_pay,cancelled,9,6,1949000,F,40,대전
134,33,2025-09-30,kakao_pay,completed,9,1,235000,M,31,수원
100,24,2025-10-02,naver_pay,completed,10,3,1108000,F,41,대전
207,7,2025-10-03,bank_transfer,completed,10,4,1173000,F,53,인천
269,104,2025-10-03,naver_pay,completed,10,4,440000,M,33,광주
148,111,2025-10-04,bank_transfer,completed,10,5,1194000,F,41,광주
122,49,2025-10-05,bank_transfer,completed,10,6,262000,M,50,대구
246,37,2025-10-05,card,completed,10,6,1328000,M,65,고양
255,56,2025-10-06,card,completed,10,0,1491000,F,21,인천
83,60,2025-10-09,kakao_pay,completed,10,3,1171000,F,34,성남
89,146,2025-10-09,kakao_pay,cancelled,10,3,1437000,M,61,성남
233,16,2025-10-09,kakao_pay,completed,10,3,1286000,M,52,부산
53,117,2025-10-10,kakao_pay,completed,10,4,350000,F,65,성남
103,106,2025-10-10,naver_pay,completed,10,4,2118000,M,38,부산
46,143,2025-10-11,bank_transfer,cancelled,10,5,348000,F,43,대전
198,32,2025-10-12,naver_pay,completed,10,6,1170000,F,31,고양
121,117,2025-10-13,bank_transfer,cancelled,10,0,1452000,F,65,성남
178,102,2025-10-14,card,completed,10,1,140000,M,60,고양
70,14,2025-10-16,bank_transfer,completed,10,3,905000,F,40,대전
229,96,2025-10-18,bank_transfer,cancelled,10,5,724000,F,21,성남
257,125,2025-10-18,kakao_pay,completed,10,5,868000,M,28,수원
273,112,2025-10-19,card,completed,10,6,20000,F,46,성남
31,108,2025-10-20,naver_pay,completed,10,0,825000,F,22,성남
43,72,2025-10-20,kakao_pay,refunded,10,0,82000,F,52,대구
119,131,2025-10-21,kakao_pay,cancelled,10,1,1038000,F,40,인천
294,147,2025-10-21,bank_transfer,completed,10,1,2053000,M,19,부산
156,140,2025-10-22,bank_transfer,completed,10,2,524000,M,32,인천
77,26,2025-10-23,bank_transfer,completed,10,3,735000,F,56,대구
137,105,2025-10-23,bank_transfer,completed,10,3,885000,M,26,광주
50,149,2025-10-24,kakao_pay,cancelled,10,4,595000,M,20,부산
72,64,2025-10-24,card,refunded,10,4,1157000,M,51,수원
143,59,2025-10-25,card,cancelled,10,5,772000,F,26,수원
249,41,2025-10-25,kakao_pay,completed,10,5,1229000,F,27,대구
171,107,2025-10-26,bank_transfer,completed,10,6,1964000,F,47,고양
247,136,2025-10-27,bank_transfer,cancelled,10,0,1573000,M,19,대구
286,113,2025-10-28,card,cancelled,10,1,1049000,M,57,성남
160,99,2025-10-29,naver_pay,completed,10,2,860000,M,25,고양
244,90,2025-10-29,card,completed,10,2,671000,M,36,울산
99,47,2025-10-30,naver_pay,cancelled,10,3,269000,F,36,울산
147,76,2025-10-31,kakao_pay,completed,10,4,996000,M,45,울산
214,129,2025-10-31,bank_transfer,refunded,10,4,2293000,F,45,대구
151,21,2025-11-02,naver_pay,refunded,11,6,820000,M,23,인천
196,140,2025-11-02,kakao_pay,completed,11,6,505000,M,32,인천
104,103,2025-11-03,card,cancelled,11,0,951000,M,34,인천
218,126,2025-11-03,naver_pay,completed,11,0,495000,M,53,서울
291,95,2025-11-03,kakao_pay,completed,11,0,760000,M,50,성남
120,124,2025-11-04,naver_pay,completed,11,1,639000,M,67,대구
280,27,2025-11-04,bank_transfer,completed,11,1,700000,F,28,수원
126,149,2025-11-07,naver_pay,completed,11,4,1295000,M,20,부산
44,3,2025-11-10,bank_transfer,completed,11,0,1575000,F,61,성남
64,27,2025-11-11,card,refunded,11,1,380000,F,28,수원
115,142,2025-11-13,card,refunded,11,3,2064000,F,32,서울
60,93,2025-11-15,bank_transfer,completed,11,5,804000,F,65,대전
11,47,2025-11-17,card,completed,11,0,222000,F,36,울산
71,145,2025-11-17,kakao_pay,completed,11,0,621000,M,59,성남
175,87,2025-11-17,card,cancelled,11,0,1280000,M,31,울산
111,53,2025-11-18,kakao_pay,refunded,11,1,1001000,F,56,대전
3,138,2025-11-19,bank_transfer,cancelled,11,2,1435000,F,35,대구
116,105,2025-11-21,card,completed,11,4,936000,M,26,광주
68,30,2025-11-22,card,cancelled,11,5,951000,F,32,서울
19,6,2025-11-25,bank_transfer,completed,11,1,260000,F,32,성남
149,136,2025-11-25,naver_pay,refunded,11,1,833000,M,19,대구
7,120,2025-11-28,bank_transfer,refunded,11,4,33000,F,61,광주
107,132,2025-11-28,card,refunded,11,4,1401000,F,60,부산
59,50,2025-12-02,kakao_pay,completed,12,1,1536000,F,58,광주
210,68,2025-12-02,card,completed,12,1,33000,F,22,서울
185,78,2025-12-10,naver_pay,completed,12,2,544000,F,21,울산
293,149,2025-12-11,card,cancelled,12,3,560000,M,20,부산
85,68,2025-12-12,bank_transfer,cancelled,12,4,755000,F,22,서울
101,105,2025-12-12,kakao_pay,completed,12,4,1016000,M,26,광주
239,90,2025-12-13,kakao_pay,completed,12,5,472000,M,36,울산
202,142,2025-12-16,bank_transfer,refunded,12,1,921000,F,32,서울
14,98,2025-12-18,kakao_pay,cancelled,12,3,564000,F,61,인천
112,34,2025-12-20,kakao_pay,cancelled,12,5,1516000,M,59,수원
266,102,2025-12-20,card,cancelled,12,5,1981000,M,60,고양
5,125,2025-12-21,card,cancelled,12,6,941000,M,28,수원
217,103,2025-12-21,naver_pay,completed,12,6,923000,M,34,인천
18,8,2025-12-23,bank_transfer,completed,12,1,794000,M,32,수원
26,51,2025-12-24,card,refunded,12,2,115000,F,27,대전
39,146,2025-12-24,naver_pay,completed,12,2,1000000,M,61,성남
287,114,2025-12-25,kakao_pay,completed,12,3,621000,F,60,성남
298,64,2025-12-25,naver_pay,cancelled,12,3,696000,M,51,수원
174,66,2025-12-26,naver_pay,completed,12,4,496000,F,39,서울
213,132,2025-12-26,card,cancelled,12,4,333000,F,60,부산
95,24,2025-12-29,bank_transfer,refunded,12,0,944000,F,41,대전
211,108,2025-12-29,card,completed,12,0,711000,F,22,성남
240,72,2025-12-29,bank_transfer,cancelled,12,0,1082000,F,52,대구
52,141,2025-12-30,kakao_pay,completed,12,1,1241000,M,40,광주
118,40,2025-12-31,naver_pay,completed,12,2,565000,M,23,서울
252,13,2025-12-31,card,completed,12,2,1549000,F,23,울산
23,30,2026-01-02,bank_transfer,completed,1,4,919000,F,32,서울
38,116,2026-01-04,bank_transfer,cancelled,1,6,303000,F,34,부산
55,50,2026-01-04,kakao_pay,completed,1,6,84000,F,58,광주
172,34,2026-01-06,kakao_pay,refunded,1,1,623000,M,59,수원
243,70,2026-01-06,kakao_pay,completed,1,1,924000,M,22,성남
289,19,2026-01-06,kakao_pay,cancelled,1,1,1078000,M,54,인천
108,119,2026-01-07,naver_pay,completed,1,2,1064000,F,63,대전
91,104,2026-01-08,kakao_pay,refunded,1,3,414000,M,33,광주
173,129,2026-01-09,kakao_pay,completed,1,4,1142000,F,45,대구
181,98,2026-01-09,kakao_pay,completed,1,4,454000,F,61,인천
37,63,2026-01-11,card,completed,1,6,300000,M,60,대전
136,117,2026-01-12,card,completed,1,0,1116000,F,65,성남
66,113,2026-01-13,kakao_pay,completed,1,1,579000,M,57,성남
86,30,2026-01-13,bank_transfer,completed,1,1,1432000,F,32,서울
16,5,2026-01-14,card,completed,1,2,1010000,F,19,부산
94,83,2026-01-14,kakao_pay,completed,1,2,618000,F,22,수원
166,91,2026-01-14,bank_transfer,completed,1,2,110000,M,27,인천
186,36,2026-01-14,card,completed,1,2,471000,F,65,성남
62,12,2026-01-15,card,refunded,1,3,1250000,F,66,대전
297,22,2026-01-15,bank_transfer,completed,1,3,512000,F,42,광주
295,122,2026-01-18,bank_transfer,completed,1,6,375000,F,58,울산
9,145,2026-01-20,card,completed,1,1,236000,M,59,성남
80,20,2026-01-24,bank_transfer,completed,1,5,1792000,F,20,인천
29,137,2026-01-26,naver_pay,completed,1,0,361000,M,68,울산
209,83,2026-01-26,card,completed,1,0,1368000,F,22,수원
141,125,2026-01-27,card,refunded,1,1,413000,M,28,수원
4,57,2026-01-30,kakao_pay,cancelled,1,4,498000,F,23,수원
110,128,2026-01-30,naver_pay,completed,1,4,1099000,F,41,고양
154,66,2026-01-31,naver_pay,completed,1,5,1457000,F,39,서울
129,83,2026-02-01,bank_transfer,completed,2,6,734000,F,22,수원
35,138,2026-02-02,naver_pay,cancelled,2,0,2135000,F,35,대구
296,116,2026-02-02,card,completed,2,0,300000,F,34,부산
268,81,2026-02-04,naver_pay,refunded,2,2,1364000,M,26,울산
114,62,2026-02-06,bank_transfer,completed,2,4,292000,F,63,광주
109,49,2026-02-07,kakao_pay,refunded,2,5,1485000,M,50,대구
159,117,2026-02-07,kakao_pay,completed,2,5,248000,F,65,성남
235,14,2026-02-07,kakao_pay,refunded,2,5,1413000,F,40,대전
78,68,2026-02-08,card,completed,2,6,610000,F,22,서울
87,69,2026-02-08,bank_transfer,completed,2,6,80000,F,22,서울
200,86,2026-02-09,bank_transfer,completed,2,0,569000,F,44,수원
195,93,2026-02-11,card,completed,2,2,656000,F,65,대전
219,21,2026-02-13,kakao_pay,refunded,2,4,646000,M,23,인천
56,138,2026-02-14,bank_transfer,completed,2,5,350000,F,35,대구
284,149,2026-02-14,naver_pay,refunded,2,5,1114000,M,20,부산
170,24,2026-02-15,kakao_pay,completed,2,6,338000,F,41,대전
188,25,2026-02-17,bank_transfer,refunded,2,1,1381000,F,60,광주
106,83,2026-02-18,card,cancelled,2,2,1071000,F,22,수원
139,102,2026-02-21,card,completed,2,5,1292000,M,60,고양
216,8,2026-02-21,card,cancelled,2,5,1094000,M,32,수원
261,66,2026-02-22,kakao_pay,completed,2,6,286000,F,39,서울
42,91,2026-02-23,kakao_pay,completed,2,0,346000,M,27,인천
242,69,2026-02-23,card,completed,2,0,50000,F,22,서울
74,98,2026-02-24,naver_pay,cancelled,2,1,1005000,F,61,인천
142,18,2026-02-24,bank_transfer,completed,2,1,1014000,M,58,고양
204,38,2026-02-24,card,completed,2,1,1800000,M,55,울산
281,51,2026-02-24,bank_transfer,refunded,2,1,336000,F,27,대전
300,96,2026-02-25,kakao_pay,cancelled,2,2,160000,F,21,성남
203,56,2026-02-28,bank_transfer,completed,2,5,784000,F,21,인천
222,136,2026-03-01,kakao_pay,cancelled,3,6,672000,M,19,대구
57,56,2026-03-02,naver_pay,completed,3,0,136000,F,21,인천
32,111,2026-03-04,kakao_pay,cancelled,3,2,914000,F,41,광주
206,65,2026-03-05,bank_transfer,completed,3,3,738000,F,33,인천
220,38,2026-03-06,card,completed,3,4,1034000,M,55,울산
227,107,2026-03-07,card,completed,3,5,361000,F,47,고양
260,78,2026-03-07,bank_transfer,completed,3,5,677000,F,21,울산
189,35,2026-03-09,naver_pay,cancelled,3,0,556000,F,34,대구
20,33,2026-03-11,naver_pay,completed,3,2,1678000,M,31,수원
163,6,2026-03-12,naver_pay,completed,3,3,1089000,F,32,성남
92,139,2026-03-15,naver_pay,cancelled,3,6,1508000,F,42,서울
10,110,2026-03-16,bank_transfer,cancelled,3,0,1920000,F,40,부산
270,30,2026-03-16,naver_pay,completed,3,0,360000,F,32,서울
30,18,2026-03-17,kakao_pay,completed,3,1,906000,M,58,고양
6,87,2026-03-21,naver_pay,completed,3,5,1309000,M,31,울산
230,18,2026-03-21,card,completed,3,5,1040000,M,58,고양
262,31,2026-03-21,card,cancelled,3,5,1359000,M,43,광주
105,23,2026-03-22,kakao_pay,completed,3,6,1931000,M,58,대전
58,135,2026-03-24,kakao_pay,completed,3,1,1092000,F,28,대구
190,95,2026-03-31,naver_pay,refunded,3,1,1288000,M,50,성남
254,114,2026-03-31,naver_pay,completed,3,1,1078000,F,60,성남
241,144,2026-04-01,card,refunded,4,2,571000,M,22,광주
290,116,2026-04-01,card,completed,4,2,637000,F,34,부산
90,32,2026-04-02,naver_pay,completed,4,3,1219000,F,31,고양
102,27,2026-04-02,bank_transfer,completed,4,3,162000,F,28,수원
131,106,2026-04-02,card,completed,4,3,225000,M,38,부산
161,61,2026-04-04,naver_pay,refunded,4,5,870000,M,31,성남
292,24,2026-04-05,naver_pay,cancelled,4,6,102000,F,41,대전
75,77,2026-04-06,naver_pay,completed,4,0,209000,M,64,서울
117,30,2026-04-06,naver_pay,completed,4,0,390000,F,32,서울
250,84,2026-04-07,card,completed,4,1,1197000,F,21,성남
24,28,2026-04-08,card,completed,4,2,881000,M,35,성남
153,37,2026-04-08,bank_transfer,cancelled,4,2,172000,M,65,고양
248,108,2026-04-08,naver_pay,completed,4,2,55000,F,22,성남
93,21,2026-04-10,card,cancelled,4,4,1317000,M,23,인천
84,117,2026-04-13,card,completed,4,0,1423000,F,65,성남
124,130,2026-04-14,kakao_pay,completed,4,1,1261000,F,37,대전
138,121,2026-04-15,kakao_pay,completed,4,2,1119000,M,34,서울
41,47,2026-04-17,naver_pay,completed,4,4,1059000,F,36,울산
28,31,2026-04-18,card,completed,4,5,306000,M,43,광주
135,113,2026-04-20,card,refunded,4,0,560000,M,57,성남
223,130,2026-04-21,naver_pay,completed,4,1,681000,F,37,대전
128,86,2026-04-22,naver_pay,cancelled,4,2,932000,F,44,수원
113,125,2026-04-23,card,completed,4,3,602000,M,28,수원
282,40,2026-04-24,card,completed,4,4,1566000,M,23,서울
54,65,2026-04-25,bank_transfer,completed,4,5,412000,F,33,인천
165,128,2026-04-26,kakao_pay,completed,4,6,1231000,F,41,고양
88,16,2026-04-28,bank_transfer,completed,4,1,772000,M,52,부산
140,137,2026-04-29,naver_pay,completed,4,2,1034000,M,68,울산
130,147,2026-04-30,naver_pay,completed,4,3,937000,M,19,부산
201,145,2026-04-30,bank_transfer,completed,4,3,175000,M,59,성남
225,116,2026-04-30,bank_transfer,cancelled,4,3,1035000,F,34,부산
36,112,2026-05-04,kakao_pay,completed,5,0,92000,F,46,성남
208,92,2026-05-05,bank_transfer,refunded,5,1,558000,M,31,서울
1,123,2026-05-07,card,completed,5,3,1436000,M,20,서울
258,57,2026-05-09,naver_pay,refunded,5,5,910000,F,23,수원
96,6,2026-05-11,kakao_pay,refunded,5,0,1690000,F,32,성남
205,38,2026-05-11,bank_transfer,refunded,5,0,355000,M,55,울산
259,15,2026-05-11,card,completed,5,0,252000,M,69,서울
279,90,2026-05-11,bank_transfer,completed,5,0,688000,M,36,울산
69,126,2026-05-13,card,refunded,5,2,1187000,M,53,서울
263,111,2026-05-16,bank_transfer,completed,5,5,694000,F,41,광주
33,40,2026-05-17,naver_pay,completed,5,6,504000,M,23,서울
194,114,2026-05-19,naver_pay,completed,5,1,257000,F,60,성남
15,65,2026-05-23,card,cancelled,5,5,1677000,F,33,인천
183,144,2026-05-23,kakao_pay,refunded,5,5,1685000,M,22,광주
40,8,2026-05-24,naver_pay,completed,5,6,738000,M,32,수원
283,127,2026-05-24,naver_pay,refunded,5,6,284000,F,22,대구
22,66,2026-05-25,kakao_pay,completed,5,0,854000,F,39,서울
274,112,2026-05-25,naver_pay,refunded,5,0,420000,F,46,성남
47,126,2026-05-26,naver_pay,completed,5,1,685000,M,53,서울
145,43,2026-05-27,kakao_pay,completed,5,2,1863000,M,42,고양
13,117,2026-06-02,kakao_pay,completed,6,1,963000,F,65,성남
45,62,2026-06-03,naver_pay,cancelled,6,2,308000,F,63,광주
63,75,2026-06-03,bank_transfer,cancelled,6,2,431000,F,60,울산
251,40,2026-06-06,bank_transfer,refunded,6,5,1334000,M,23,서울
180,95,2026-06-07,kakao_pay,refunded,6,6,376000,M,50,성남
215,12,2026-06-07,kakao_pay,cancelled,6,6,1093000,F,66,대전
164,3,2026-06-10,card,refunded,6,2,1490000,F,61,성남
168,11,2026-06-11,kakao_pay,cancelled,6,3,10000,M,35,대구
73,107,2026-06-14,bank_transfer,refunded,6,6,72000,F,47,고양
76,146,2026-06-14,card,refunded,6,6,1671000,M,61,성남
51,142,2026-06-15,kakao_pay,cancelled,6,0,1877000,F,32,서울
21,145,2026-06-19,bank_transfer,cancelled,6,4,1767000,M,59,성남
212,122,2026-06-25,naver_pay,completed,6,3,359000,F,58,울산
272,118,2026-06-25,kakao_pay,completed,6,3,344000,F,35,광주
34,134,2026-06-30,kakao_pay,refunded,6,1,776000,M,57,대구
285,83,2026-06-30,kakao_pay,completed,6,1,1160000,F,22,수원
256,111,2026-07-01,card,completed,7,2,1265000,F,41,광주
48,24,2026-07-05,kakao_pay,completed,7,6,923000,F,41,대전
264,98,2026-07-05,bank_transfer,refunded,7,6,102000,F,61,인천
179,138,2026-07-08,card,cancelled,7,2,86000,F,35,대구
