dataset,column,dtype,missing_count,unique_count,sensitivity_reason,column_name_share_policy,share_raw_values,low_cardinality_review
customers,customer_id,int64,0,150,identifier,share_name_only_no_values,no,False
customers,name,str,0,147,sensitive_name_pattern,do_not_share_name_by_default,no,False
customers,gender,str,0,2,,review_required,no,True
customers,age,float64,0,50,,review_required,no,False
customers,city,str,0,11,,review_required,no,False
customers,signup_date,str,2,140,,review_required,no,False
products,product_id,int64,0,96,identifier,share_name_only_no_values,no,False
products,product_name,str,0,96,sensitive_name_pattern,do_not_share_name_by_default,no,False
products,category,str,0,10,,review_required,no,False
products,price,float64,0,78,,review_required,no,False
orders,order_id,int64,0,300,identifier,share_name_only_no_values,no,False
orders,customer_id,int64,0,128,identifier,share_name_only_no_values,no,False
orders,order_date,str,3,222,,review_required,no,False
orders,payment_method,str,0,4,,review_required,no,True
orders,order_status,str,0,3,,review_required,no,True
orders,order_month,str,3,16,,review_required,no,False
orders,order_dayofweek,str,3,7,,review_required,no,False
order_items,order_item_id,int64,0,752,identifier,share_name_only_no_values,no,False
order_items,order_id,int64,0,301,identifier,share_name_only_no_values,no,False
order_items,product_id,int64,0,102,identifier,share_name_only_no_values,no,False
order_items,quantity,float64,0,7,,review_required,no,False
order_items,unit_price,float64,0,78,,review_required,no,False
order_items,line_total,float64,0,276,,review_required,no,False
