record_id,actual_is_cancelled,predicted_is_cancelled,cancel_probability,model,threshold
REC_00001,0,1,0.28,Random Forest,0.1
REC_00002,1,1,0.16,Random Forest,0.1
REC_00003,0,0,0.05,Random Forest,0.1
REC_00004,0,1,0.18,Random Forest,0.1
REC_00005,0,1,0.21,Random Forest,0.1
REC_00006,0,1,0.12,Random Forest,0.1
REC_00007,1,1,0.38,Random Forest,0.1
REC_00008,1,1,0.27,Random Forest,0.1
REC_00009,0,0,0.08,Random Forest,0.1
REC_00010,0,0,0.08,Random Forest,0.1
REC_00011,0,1,0.35,Random Forest,0.1
REC_00012,1,1,0.22,Random Forest,0.1
REC_00013,1,0,0.05,Random Forest,0.1
REC_00014,0,1,0.25,Random Forest,0.1
REC_00015,0,0,0.04,Random Forest,0.1
REC_00016,1,1,0.37,Random Forest,0.1
REC_00017,0,1,0.4,Random Forest,0.1
REC_00018,0,1,0.62,Random Forest,0.1
REC_00019,0,1,0.37,Random Forest,0.1
REC_00020,0,1,0.33,Random Forest,0.1
REC_00021,0,1,0.31,Random Forest,0.1
REC_00022,0,0,0.09,Random Forest,0.1
REC_00023,1,1,0.38,Random Forest,0.1
REC_00024,1,1,0.13,Random Forest,0.1
REC_00025,0,0,0.07,Random Forest,0.1
REC_00026,0,1,0.2,Random Forest,0.1
REC_00027,0,1,0.11,Random Forest,0.1
REC_00028,0,1,0.24,Random Forest,0.1
REC_00029,0,1,0.14,Random Forest,0.1
REC_00030,0,1,0.25,Random Forest,0.1
REC_00031,0,1,0.52,Random Forest,0.1
REC_00032,0,0,0.08,Random Forest,0.1
REC_00033,0,1,0.14,Random Forest,0.1
REC_00034,0,1,0.18,Random Forest,0.1
REC_00035,0,1,0.24,Random Forest,0.1
REC_00036,0,1,0.5,Random Forest,0.1
REC_00037,1,1,0.13,Random Forest,0.1
REC_00038,1,1,0.21,Random Forest,0.1
REC_00039,0,1,0.12,Random Forest,0.1
REC_00040,1,1,0.29,Random Forest,0.1
REC_00041,0,1,0.34,Random Forest,0.1
REC_00042,1,0,0.05,Random Forest,0.1
REC_00043,0,1,0.17,Random Forest,0.1
REC_00044,0,1,0.28,Random Forest,0.1
REC_00045,0,1,0.22,Random Forest,0.1
REC_00046,0,0,0.07,Random Forest,0.1
REC_00047,0,1,0.11,Random Forest,0.1
REC_00048,0,1,0.17,Random Forest,0.1
REC_00049,0,1,0.44,Random Forest,0.1
REC_00050,0,1,0.22,Random Forest,0.1
REC_00051,0,0,0.06,Random Forest,0.1
REC_00052,0,0,0.06,Random Forest,0.1
REC_00053,0,0,0.08,Random Forest,0.1
REC_00054,0,1,0.21,Random Forest,0.1
REC_00055,0,1,0.41,Random Forest,0.1
REC_00056,0,1,0.16,Random Forest,0.1
REC_00057,0,1,0.34,Random Forest,0.1
REC_00058,0,1,0.29,Random Forest,0.1
REC_00059,0,1,0.13,Random Forest,0.1
REC_00060,1,1,0.44,Random Forest,0.1
